{"stats":{"minecraft:used":{"minecraft:flint_and_steel":1,"minecraft:tnt":1},"minecraft:mined":{"minecraft:dirt":1},"minecraft:killed_by":{"minecraft:player":1,"minecraft:zoglin":1},"minecraft:custom":{"minecraft:jump":15,"minecraft:time_since_rest":22090,"minecraft:damage_taken":530,"minecraft:leave_game":7,"minecraft:play_time":30942,"minecraft:walk_one_cm":3014,"minecraft:time_since_death":21884,"minecraft:deaths":2,"minecraft:total_world_time":30942,"minecraft:fall_one_cm":569,"minecraft:fly_one_cm":3710,"minecraft:player_kills":1},"minecraft:picked_up":{"minecraft:granite":24,"minecraft:wheat_seeds":1,"minecraft:cobblestone":27}},"DataVersion":3465}