{"stats":{"minecraft:killed_by":{"minecraft:zombie":1,"minecraft:skeleton":1},"minecraft:mined":{"minecraft:grass":1,"minecraft:grass_block":2,"minecraft:dirt":2},"minecraft:custom":{"minecraft:jump":10,"minecraft:time_since_rest":14619,"minecraft:damage_taken":500,"minecraft:leave_game":4,"minecraft:play_time":42309,"minecraft:walk_one_cm":4387,"minecraft:time_since_death":11031,"minecraft:deaths":2,"minecraft:total_world_time":42309,"minecraft:fall_one_cm":753,"minecraft:fly_one_cm":1046}},"DataVersion":3465}