{"stats":{"minecraft:used":{"minecraft:redstone_torch":3,"minecraft:tnt":5,"minecraft:flint_and_steel":3,"minecraft:goat_horn":1},"minecraft:picked_up":{"minecraft:dirt":33},"minecraft:custom":{"minecraft:jump":27,"minecraft:time_since_rest":13683,"minecraft:leave_game":4,"minecraft:play_time":13683,"minecraft:time_since_death":13683,"minecraft:walk_one_cm":6251,"minecraft:sneak_time":30,"minecraft:total_world_time":13683,"minecraft:player_kills":1,"minecraft:fall_one_cm":211,"minecraft:fly_one_cm":3366}},"DataVersion":3465}