{"stats":{"minecraft:used":{"minecraft:redstone_torch":4,"minecraft:wandering_trader_spawn_egg":2,"minecraft:zombie_horse_spawn_egg":1,"minecraft:dirt":6,"minecraft:flint_and_steel":5,"minecraft:tnt":28,"minecraft:goat_horn":2,"minecraft:tadpole_spawn_egg":2,"minecraft:wither_skeleton_spawn_egg":1,"minecraft:piglin_brute_spawn_egg":1,"minecraft:warden_spawn_egg":1},"minecraft:killed_by":{"minecraft:player":1},"minecraft:custom":{"minecraft:time_since_rest":16990,"minecraft:crouch_one_cm":98,"minecraft:play_time":40951,"minecraft:sprint_one_cm":510,"minecraft:deaths":1,"minecraft:damage_taken":270,"minecraft:walk_one_cm":26352,"minecraft:sneak_time":61,"minecraft:mob_kills":2,"minecraft:jump":76,"minecraft:damage_dealt":275,"minecraft:leave_game":6,"minecraft:time_since_death":16919,"minecraft:total_world_time":40951,"minecraft:talked_to_villager":1,"minecraft:fall_one_cm":211,"minecraft:fly_one_cm":11833,"minecraft:player_kills":1},"minecraft:picked_up":{"minecraft:birch_log":2,"minecraft:rotten_flesh":1,"minecraft:oak_log":1,"minecraft:egg":1,"minecraft:dirt":169,"minecraft:cobblestone":28}},"DataVersion":3465}