{"stats":{"minecraft:used":{"minecraft:redstone_torch":3,"minecraft:tnt":5,"minecraft:flint_and_steel":3,"minecraft:goat_horn":1},"minecraft:custom":{"minecraft:jump":19,"minecraft:time_since_rest":6042,"minecraft:leave_game":2,"minecraft:play_time":6042,"minecraft:time_since_death":6042,"minecraft:walk_one_cm":3883,"minecraft:sneak_time":6,"minecraft:total_world_time":6042,"minecraft:player_kills":1,"minecraft:fall_one_cm":211,"minecraft:fly_one_cm":3366},"minecraft:picked_up":{"minecraft:dirt":33}},"DataVersion":3465}