{"stats":{"minecraft:used":{"minecraft:redstone_torch":4,"minecraft:wandering_trader_spawn_egg":1,"minecraft:zombie_horse_spawn_egg":1,"minecraft:dirt":6,"minecraft:flint_and_steel":5,"minecraft:tnt":28,"minecraft:goat_horn":2,"minecraft:tadpole_spawn_egg":1},"minecraft:killed_by":{"minecraft:player":1},"minecraft:custom":{"minecraft:time_since_rest":5534,"minecraft:crouch_one_cm":98,"minecraft:sprint_one_cm":510,"minecraft:play_time":29495,"minecraft:deaths":1,"minecraft:damage_taken":270,"minecraft:walk_one_cm":17252,"minecraft:sneak_time":43,"minecraft:mob_kills":1,"minecraft:jump":58,"minecraft:damage_dealt":10,"minecraft:leave_game":5,"minecraft:time_since_death":5463,"minecraft:total_world_time":29495,"minecraft:talked_to_villager":1,"minecraft:fall_one_cm":211,"minecraft:fly_one_cm":6134,"minecraft:player_kills":1},"minecraft:picked_up":{"minecraft:birch_log":2,"minecraft:rotten_flesh":1,"minecraft:oak_log":1,"minecraft:dirt":169,"minecraft:cobblestone":28}},"DataVersion":3465}